dronechorus,Royal Regiment receives the Freedom of the Highlands,No Comp,https://www.youtube.com/watch?v=uLYc3tVH1Ek
dronechorus,Cadets Pipe Band in the Highlands,No Comp,https://www.youtube.com/watch?v=x-xiiK5Y2BU
dronechorus,Buchan Peterson shines at Aberdeen,No Comp,https://www.youtube.com/watch?v=3dfMoa8jJ4I
dronechorus,Cadets brave the elements at Glasgow,No Comp No Band,https://www.youtube.com/watch?v=PF5cSa91esw
dronechorus,Armed Forces Day at Dingwall 2010,No Comp,https://www.youtube.com/watch?v=q2vP3qme7iQ
dronechorus,Cadets Pipe Band at Edinburgh Castle,No Comp,https://www.youtube.com/watch?v=NJ_Ha89QjiI
dronechorus,Armed Forces Day at Dingwall 2009,No Comp,https://www.youtube.com/watch?v=SAAdaOCslbU
We Love Pipe Bands/ Loud Pipes Visual Media,Massed bands at Garvagh charity parade,No Comp No Band,https://www.youtube.com/watch?v=1osnc4hrtkA
We Love Pipe Bands/ Loud Pipes Visual Media,McNeillstown Pipe Band Co  Antrim Championships Grade 3B,No Comp,https://www.youtube.com/watch?v=G6nNyTEz42s
We Love Pipe Bands/ Loud Pipes Visual Media,McNeillstown  Pipe Band Co  Antrim Championships Grade 4A,No Comp,https://www.youtube.com/watch?v=OS-fbpgt_Yo
We Love Pipe Bands/ Loud Pipes Visual Media,Matt Boyd Memorial  Pipe Band Co  Antrim Championships,No Comp,https://www.youtube.com/watch?v=O_jqOz_pjpw
We Love Pipe Bands/ Loud Pipes Visual Media,Matt Boyd Drummers  Pipe Band Co  Antrim Championships,No Comp,https://www.youtube.com/watch?v=TmXSuOcSuwk
We Love Pipe Bands/ Loud Pipes Visual Media,Mass Band Finale  Pipe Band Co  Antrim Championships,No Comp,https://www.youtube.com/watch?v=3tYqOIJTtAE
We Love Pipe Bands/ Loud Pipes Visual Media,Manorcunningham Pipe Band warmup  No 2 Pipe Band Co  Antrim Championships,No Comp,https://www.youtube.com/watch?v=M0zCAkENYjQ
We Love Pipe Bands/ Loud Pipes Visual Media,Mannorcunningham Pipe Band warm up  Pipe Band Co  Antrim Championships,No Comp,https://www.youtube.com/watch?v=7paO2lQD4Zk
We Love Pipe Bands/ Loud Pipes Visual Media,Mannorcunningham Pipe Band  Pipe Band Co  Antrim Championships Grade 1,No Comp,https://www.youtube.com/watch?v=YCalouy18WI
We Love Pipe Bands/ Loud Pipes Visual Media,Major Sinclair Memorial Pipe Band Co  Antrim Championships Grade 4b,No Comp,https://www.youtube.com/watch?v=o1eWpAh_zf4
We Love Pipe Bands/ Loud Pipes Visual Media,Major Sinclair Memorial  Pipe Band Co  Antrim Championships Grade 3B,No Comp,https://www.youtube.com/watch?v=zJVrOU4bl84
We Love Pipe Bands/ Loud Pipes Visual Media,Major Sinclair Memorial  Pipe Band Co  Antrim Championships Grade 3A,No Comp,https://www.youtube.com/watch?v=1R4eVSZoAxk
We Love Pipe Bands/ Loud Pipes Visual Media,Harry Ferguson Pipe Band Co  Antrim Championships,No Comp,https://www.youtube.com/watch?v=_Wr0vljQeBg
We Love Pipe Bands/ Loud Pipes Visual Media,Granshana Pipe Band Co  Antrim Championships,No Comp,https://www.youtube.com/watch?v=NmrJsmrCyZs
We Love Pipe Bands/ Loud Pipes Visual Media,Drumlough Pipe Band Co  Antrim Championships,No Comp,https://www.youtube.com/watch?v=yALHpyQI0Ag
We Love Pipe Bands/ Loud Pipes Visual Media,Dr Wright Memorial  Pipe Band Co  Antrim Championships,No Comp,https://www.youtube.com/watch?v=1U6cxZwUqqQ
We Love Pipe Bands/ Loud Pipes Visual Media,Battle O'er  Pipe Band Co  Antrim Championships,No Comp,https://www.youtube.com/watch?v=dPEaXKrlriE
We Love Pipe Bands/ Loud Pipes Visual Media,Ballydonagh Pipe Band Co  Antrim Championships,No Comp,https://www.youtube.com/watch?v=BvimsvG4Pfo
We Love Pipe Bands/ Loud Pipes Visual Media,Upper Crossgar Pipe band tuning up at theUK Pipe Band Championships 2017,No Comp,https://www.youtube.com/watch?v=dTPC-YKD3xI
We Love Pipe Bands/ Loud Pipes Visual Media,St Josephs Clondalkin Mid Ulster Championships 2017,No Band,https://www.youtube.com/watch?v=NXBpBFvL32Y
We Love Pipe Bands/ Loud Pipes Visual Media,Quinn Memorial Mid Ulster Championships 2017,No Band,https://www.youtube.com/watch?v=9mpo1YK4NE8
We Love Pipe Bands/ Loud Pipes Visual Media,New Ross and District warming up Mid Ulster Championships 2017,No Band,https://www.youtube.com/watch?v=u3hzaDQu_ZM
We Love Pipe Bands/ Loud Pipes Visual Media,Major Sinclair Memorial Mid Ulster Championships 2017,No Band,https://www.youtube.com/watch?v=ADk6mXQ7m08
We Love Pipe Bands/ Loud Pipes Visual Media,Bessbrook Crimson Arrow Bangor 2017,No Band,https://www.youtube.com/watch?v=is1wUXCwHvc
We Love Pipe Bands/ Loud Pipes Visual Media,Finale of McCallum Bagpipes roadshow 2016,No Comp No Band,https://www.youtube.com/watch?v=Awo6EDCEuaM
We Love Pipe Bands/ Loud Pipes Visual Media,Stuart Liddell finishes his set at the McCallum Roadshow,No Comp No Band,https://www.youtube.com/watch?v=dbXogcDwIzQ
We Love Pipe Bands/ Loud Pipes Visual Media,Drums of The World finale Armagh 2017,No Comp No Band,https://www.youtube.com/watch?v=Wx6iIb2aH7M
We Love Pipe Bands/ Loud Pipes Visual Media,Sgt walker glenarm 2016,No Band,https://www.youtube.com/watch?v=EI52fd90AqU
We Love Pipe Bands/ Loud Pipes Visual Media,Marlacoo Glenarm 2016,No Band,https://www.youtube.com/watch?v=iIOLP_eBkRY
StudioStabilo,Inveraray & District Pipe Band parade off as 2017 World Pipe Band Champions,No Comp,https://www.youtube.com/watch?v=QOCJBysUApA
StudioStabilo,Shotts & Dykehead Pipe Band Concert Glasgow - Big Jigs Set,No Comp,https://www.youtube.com/watch?v=Q_C7Rq3JCvQ
StudioStabilo,Field Marshal Montgomery Pipe Band Pre World Practice Hornpipes @ Kelvingrove Glasgow,No Comp,https://www.youtube.com/watch?v=XhpXtgXPhxs
StudioStabilo,Clontibret Pipe Band @ Rossnowlagh 2017,No Comp,https://www.youtube.com/watch?v=Z0O_vu_f1hg
StudioStabilo,Raphoe Pipe Band @ Rossnowlagh 2017,No Comp,https://www.youtube.com/watch?v=51cC2MVLsP8
StudioStabilo,Thiepval Memorial Pipe Band @ Rossnowlagh 2017,No Comp,https://www.youtube.com/watch?v=Ji-XO2g_CmI
StudioStabilo,Shotts and Dykehead Pipe Band warming up with Hornpipes,No Comp,https://www.youtube.com/watch?v=JZMqA2Qasx4
StudioStabilo,Inveraray and District Pipe Band Medley @ Glasgow 2016,No Comp,https://www.youtube.com/watch?v=q_cYsIfyomI
StudioStabilo,Eddie & Luc at Piping Live Glasgow 2016 (6) Hornpipes,No Band,https://www.youtube.com/watch?v=lGPCTfYJJh4
StudioStabilo,Eddie & Luc Piping Live Glasgow 2016 (5),No Band,https://www.youtube.com/watch?v=DcwemYxHmZY
StudioStabilo,Eddie & Luc @ Piping Live Glasgow 2016 (4) Invergordon Distillery,No Band,https://www.youtube.com/watch?v=uXxUTmx5Gag
StudioStabilo,Eddie & Luc @ Piping Live Glasgow 2016 (3) Pipe Major Jimmy McGregor,No Band,https://www.youtube.com/watch?v=tphhNZVhTYo
StudioStabilo,Eddie & Luc & Piping Live Glasgow 2016 (2),No Band,https://www.youtube.com/watch?v=uogXgXPSptA
StudioStabilo,Eddie and Luc @ Piping Live Glasgow 2016,No Band,https://www.youtube.com/watch?v=2zzg0KYwSRE
StudioStabilo,Glasgow City Pipe Band on Buchanan Street - Glasgow 2016,No Comp,https://www.youtube.com/watch?v=jXUMPxS-CPU
StudioStabilo,Cookstown Sons of William at Newtownstewart Black Saturday 2015 - return parade,No Band,https://www.youtube.com/watch?v=BMoxK1ozALY
StudioStabilo,Omagh Protestant Boys @ Newtownstewart Black Saturday 2015,No Comp No Band,https://www.youtube.com/watch?v=4Fq_UB1b53A
StudioStabilo,Ballybriest Pipe Band @ Newtownstewart Black Saturday 2015,No Comp,https://www.youtube.com/watch?v=53MrFR-7_P0
StudioStabilo,Cookstown Sons of William @ Newtownstewart Black Saturday,No Band,https://www.youtube.com/watch?v=rdlacUe9rhk
Robert Mitchelmore,Touchin' the Quakers Wife Medley - Tayforth UOTC Medley Northern Lights 2017,No Comp No Band,https://www.youtube.com/watch?v=2hqnC6tmC1s
Robert Mitchelmore,Inveraray & District Pipe Band - Half Medley - Celtic Connections 2017,No Comp,https://www.youtube.com/watch?v=hfrecTWHQxM
Robert Mitchelmore,Inveraray & District Pipe Band - Jigs - Celtic Connections 2017,No Comp,https://www.youtube.com/watch?v=YPwO79FpZzg
Robert Mitchelmore,RAF A400N taking off into the Gibraltar Sunset,No Comp No Band,https://www.youtube.com/watch?v=FgDrc2Wj2yM
Robert Mitchelmore,Royal Gibraltar Regiment Queen's Birthday Parade,No Comp No Band,https://www.youtube.com/watch?v=SCrKu3MXePM
Robert Mitchelmore,Stockbridge Pipe Band 2015 - Grade 2 Innerleithen Contest,No Comp,https://www.youtube.com/watch?v=zoX-6Sda42I
Robert Mitchelmore,ESMS Pipe Band - Drum Fanfare Lake Garda Tour 2014,No Comp,https://www.youtube.com/watch?v=pjmA4AA_blA
Robert Mitchelmore,Mozart on the Rampage - ESMS Pipe Band Lake Garda Tour 2014,No Comp,https://www.youtube.com/watch?v=Dwde2FOR6GI
Robert Mitchelmore,ESMS Pipe Band Novice/Juvenile Set,No Comp,https://www.youtube.com/watch?v=StAMniGui0M
Andrew Thomson,Call of Duty WWII War Mode,No Comp No Band,https://www.youtube.com/watch?v=IXzfRWtEc5A
Andrew Thomson,Call of Duty WWII War Mode,No Comp No Band,https://www.youtube.com/watch?v=RlkEbwWOyP8
Andrew Thomson,Call of Duty WWII,No Comp No Band,https://www.youtube.com/watch?v=Z0yKj_ivOxI
Andrew Thomson,Call of Duty WWII,No Comp No Band,https://www.youtube.com/watch?v=9tdQvNSZkfA
Andrew Thomson,Call of Duty WWII,No Comp No Band,https://www.youtube.com/watch?v=OHSeWy9Yk0A
Andrew Thomson,Call of Duty,No Comp No Band,https://www.youtube.com/watch?v=XwWp9Bj23w0
Andrew Thomson,Call of Duty,No Comp No Band,https://www.youtube.com/watch?v=I5N20cmbx6w
Andrew Thomson,Call of Duty,No Comp No Band,https://www.youtube.com/watch?v=ZTRIQhDVkN4
Andrew Thomson,Call Of Duty WWII - War mode,No Comp No Band,https://www.youtube.com/watch?v=mnvDXJWuu7I
Andrew Thomson,Lomond & Clyde Pipe Band Scottish Champions 2017,No Comp,https://www.youtube.com/watch?v=mif8xxV1KCc
Andrew Thomson,Lomond and Clyde - 2017 British Champions Grade 2,No Comp No Band,https://www.youtube.com/watch?v=OZJCUnKolTs
Andrew Thomson,Nuketown,No Comp No Band,https://www.youtube.com/watch?v=jKmR3FRp_s4
Andrew Thomson,AlphaTango81's Live PS4 Broadcast Advanced Warfare,No Comp No Band,https://www.youtube.com/watch?v=5NjaL5YZ41g
Andrew Thomson,Nuketown,No Comp No Band,https://www.youtube.com/watch?v=LEhcivHvj8g
Andrew Thomson,AlphaTango81's Live PS4 Broadcast Advanced Warfare,No Comp No Band,https://www.youtube.com/watch?v=l6RkAYrWbnI
Andrew Thomson,AlphaTango81's Live PS4 Broadcast Advanced Warfare,No Comp No Band,https://www.youtube.com/watch?v=KEnWphVIxPM
Andrew Thomson,AlphaTango81's Live PS4 Broadcast Advanced Warfare,No Comp No Band,https://www.youtube.com/watch?v=jPx4FFuFk4M
Andrew Thomson,AlphaTango81's Live PS4 Broadcast Advanced Warfare,No Comp No Band,https://www.youtube.com/watch?v=djkPhteh9tY
Andrew Thomson,AlphaTango81's Live PS4 Broadcast Advanced Warfare,No Comp No Band,https://www.youtube.com/watch?v=y8Vmn9XkGSQ
Andrew Thomson,AlphaTango81's Live PS4 Broadcast Advanced Warfare,No Comp No Band,https://www.youtube.com/watch?v=PsXEbfomHUI
Andrew Thomson,AlphaTango81's Live PS4 Broadcast Advanced Warfare,No Comp No Band,https://www.youtube.com/watch?v=26zgadExih4
Andrew Thomson,Coalburn IOR British Championships 2016,No Band,https://www.youtube.com/watch?v=nOO-ScGa1bg
Andrew Thomson,AlphaTango81's Live PS4 Broadcast Advanced Warfare,No Comp No Band,https://www.youtube.com/watch?v=-bYe1HvplCg
Andrew Thomson,AlphaTango81's Live PS4 Broadcast Advanced Warfare,No Comp No Band,https://www.youtube.com/watch?v=ryi5Og7Iqrc
Andrew Thomson,AlphaTango81's Live PS4 Broadcast Prestige,No Comp No Band,https://www.youtube.com/watch?v=JDzna4PzOMo
Andrew Thomson,AlphaTango81's Live PS4 Broadcast,No Comp No Band,https://www.youtube.com/watch?v=fgKDtnVKeBQ
Andrew Thomson,AlphaTango81's Live PS4 Broadcast,No Comp No Band,https://www.youtube.com/watch?v=ntMPi7H7_qQ
Andrew Thomson,AlphaTango81's Live PS4 Broadcast,No Comp No Band,https://www.youtube.com/watch?v=GJURscJNs2A
Andrew Thomson,AlphaTango81's Live PS4 Broadcast,No Comp No Band,https://www.youtube.com/watch?v=Pk4t1pFDdTw
Andrew Thomson,AlphaTango81's Live PS4 Broadcast,No Comp No Band,https://www.youtube.com/watch?v=lRKYS2N3H7s
Andrew Thomson,AlphaTango81's Live PS4 Broadcast,No Comp No Band,https://www.youtube.com/watch?v=MANfgTyvY5w
Andrew Thomson,AlphaTango81's Live PS4 Broadcast,No Comp No Band,https://www.youtube.com/watch?v=1DS2qMJ50To
Andrew Thomson,East Kilbride Grade 3A World Final,No Comp No Band,https://www.youtube.com/watch?v=LjWmBixqrdo
Andrew Thomson,Call of Duty® Ghosts_20141102162831,No Comp No Band,https://www.youtube.com/watch?v=kh_hqk8t8pU
Andrew Thomson,Call of Duty® Ghosts_20141102162404,No Comp No Band,https://www.youtube.com/watch?v=SjjjIyxfL0k
Andrew Thomson,Coalburn I.O.R 2014 British Grade 2,No Band,https://www.youtube.com/watch?v=EOYb5E5Wd70
Andrew Thomson,Cats and Tinsel,No Comp No Band,https://www.youtube.com/watch?v=D3rucMI1pdQ
Andrew Thomson,Coalburn IOR World Champions 2013 Medley,No Band,https://www.youtube.com/watch?v=EoWeTcB6_JE
Andrew Thomson,Coalburn IOR World Champions 2013 Announcement,No Band,https://www.youtube.com/watch?v=oLo3fIpEnQw
Andrew Thomson,Coalburn Scottish Champions 2013,No Comp No Band,https://www.youtube.com/watch?v=cE2qpVjWlA0
Andrew Thomson,Coalburn 2013 Scottish Champions RESULT ANNOUNCED,No Comp No Band,https://www.youtube.com/watch?v=7_F67YuI9G4
Andrew Thomson,Coalburn I.O.R. CHAMPIONS - British Championships 2013,No Band,https://www.youtube.com/watch?v=dapKj6Ix8DY
Andrew Thomson,Coalburn I.O.R Grade 3A World Championships 2012,No Band,https://www.youtube.com/watch?v=VnOo6bA-r-M
Andrew Thomson,Coalburn I.O.R Grade 4B World championships 2012,No Band,https://www.youtube.com/watch?v=xkQND55tqSI
Andrew Thomson,Strathclyde Police British Championships 2012,No Band,https://www.youtube.com/watch?v=TmMUWamh_N4
Andrew Thomson,Coalburn IOR Grade 3 MSR British Championships 2012,No Band,https://www.youtube.com/watch?v=zE1Ep02WUcw
Andrew Thomson,Coalburn IOR Grade 4B British Champions 2012,No Comp No Band,https://www.youtube.com/watch?v=a-Zpe5GYnwU
Andrew Thomson,Coalburn IOR Lesmahagow 2012 MSR,No Comp No Band,https://www.youtube.com/watch?v=hrxRR0m2gWg
Andrew Thomson,Coalburn IOR Lesmahagow 2012 Medley,No Comp No Band,https://www.youtube.com/watch?v=dy6AS4m3ML8
Andrew Thomson,Penny Arcade Ibrox 15/05/2011,No Comp No Band,https://www.youtube.com/watch?v=zXMduqiBod4
Andrew Thomson,Ibrox Champions,No Comp No Band,https://www.youtube.com/watch?v=X8t4i_mav3s
Andrew Thomson,360 View from Summit of Ben Nevis,No Comp No Band,https://www.youtube.com/watch?v=A8JKltgS1gY
Andrew Thomson,Coalburn pipe band - Scottish Championship 2010 - MEDLEY,No Comp,https://www.youtube.com/watch?v=qqBEgl56b9M
Andrew Thomson,Hampden, just after Rangers won the CIS cup.,No Comp No Band,https://www.youtube.com/watch?v=Amgx_Cgwsng
Andrew Thomson,Rangers, super Rangers,No Comp No Band,https://www.youtube.com/watch?v=RfSpmZ4P2L4
Andrew Thomson,CIS cup final win. Awesome.,No Comp No Band,https://www.youtube.com/watch?v=agPrjPDYAGg
Andrew Thomson,Union jack card display. CIS cup final 21/03/10,No Comp No Band,https://www.youtube.com/watch?v=JNWDkXy0em0
